{"cameraMode":{"drawMode":0,"name":"Shaded","section":"Shading Mode"},"sceneLighting":false,"audioPlay":false,"sceneViewState":{"m_AlwaysRefresh":false,"showFog":true,"showSkybox":true,"showFlares":true,"showImageEffects":true,"showParticleSystems":true,"showVisualEffectGraphs":true,"m_FxEnabled":true},"in2DMode":false,"pivot":{"x":10.478582382202149,"y":10.66819953918457,"z":31.944719314575197},"rotation":{"x":0.19245603680610658,"y":0.042134467512369159,"z":-0.008079331368207932,"w":0.9804990291595459},"size":55.06109619140625,"orthographic":false}