{
	"success": 1,
	"code": "OK",
	"msg": "OK",
	"data": {
		"config": {
			"nearPlane": 2,
			"farPlane": 12345,
			"stars": {
				"useStarFading": true,
				"fadeStart": 0.5,
				"pitchEffect": 0.30995506799496,
				"pitchIntensity": 0.70026885732194,
				"radiusFactor": 26,
				"maxRadius": 16,
				"colorD1": "#e6e600",
				"colorD2": "#ac9800",
				"colorL1": "rgb(0,255,0)",
				"colorL2": "rgb(128,255,129)",
				"colorC1": "rgb(255,0,0)",
				"colorC2": "rgb(255,128,128)"
			},
			"routes": [
				{
					"width": 0.2,
					"color": "#4a2727",
					"colorBorder": "#2f0d00",
					"size": 0.17537460014591,
					"density": 0.64304020053501,
					"speed": 1,
					"side": 0,
					"center": 0,
					"pitchEffect": 1,
					"pitchIntensity": 0.5,
					"highlightFactor": 0.15,
					"depthFactor": 0.1
				},
				{
					"width": 0.25,
					"color": "#372618",
					"colorBorder": "#200f00",
					"size": 0.18,
					"density": 0.26768495575633,
					"speed": 0.20949257407017,
					"side": 0,
					"center": 0,
					"pitchEffect": 1,
					"pitchIntensity": 0.5,
					"highlightFactor": 0.15,
					"depthFactor": 0.1
				},
				{
					"width": 0.3,
					"color": "#43381e",
					"colorBorder": "#2f2100",
					"size": 0.18,
					"density": 0.22,
					"speed": 0.15,
					"side": 0,
					"center": 0,
					"pitchEffect": 1,
					"pitchIntensity": 0.50274052041828,
					"highlightFactor": 0.15,
					"depthFactor": 0.1
				}
			],
			"starfield": {
				"radius": 3,
				"count": 2000,
				"sizeMin": 1,
				"sizeMax": 1,
				"color1": "#7a7a7a",
				"color2": "#96b4cf"
			},
			"longRangeScanner": {
				"radius": 1,
				"colorD1": "#9be80d",
				"colorD2": "#7baa00",
				"colorL1": "#efc22f",
				"colorL2": "#bc6f26",
				"colorC1": "#ed7346",
				"colorC2": "#922c24",
				"colorBorder": "rgb(250,183,62)",
				"colorGlow": "rgb(180,0,0)",
				"colorMap": "rgb(250,183,62)",
				"alpha": 1,
				"radiusD": 0.65434958798936,
				"widthD": 0.11479817333147,
				"ratioD": 0.75766794398767,
				"radiusL": 0.50511196265845,
				"widthL": 0.20663671199664,
				"ratioL": 0.32,
				"radiusC": 0.3443945199944,
				"widthC": 0.13775780799776,
				"ratioC": 0.37883397199384,
				"radiusBorder": 0.75766794398767,
				"widthBorder": 0.1,
				"tickCount": 0.92986520398487,
				"tickLength": 0.13775780799776,
				"tickWidth": 0.26403579866237,
				"glowWidth": 0.42475324132642
			}
		},
		"affiliations": {
			"rowcount": 6,
			"totalrows": 6,
			"estimatedrows": false,
			"pagesize": 0,
			"pagecount": null,
			"page": 1,
			"offset": 0,
			"startrow": 0,
			"resultset": [
				{
					"id": "1",
					"code": "uee",
					"color": "#48bbd4",
					"name": "UEE"
				},
				{
					"id": "2",
					"code": "BANU",
					"color": "#ffce17",
					"name": "Banu"
				},
				{
					"id": "3",
					"code": "VNCL",
					"color": "#bd002d",
					"name": "Vanduul"
				},
				{
					"id": "4",
					"code": "XIAN",
					"color": "#52c231",
					"name": "Xi'An"
				},
				{
					"id": "7",
					"code": "DEV",
					"color": "#ca922d",
					"name": "Developing"
				},
				{
					"id": "8",
					"code": "UNC",
					"color": "#f6851f",
					"name": "Unclaimed"
				}
			]
		}
	}
}